StockCode,Description
22809,SET OF 6 T-LIGHTS SANTA
84347,ROTATING SILVER ANGELS T-LIGHT HLDR
84945,MULTI COLOUR SILVER T-LIGHT HOLDER
22242,5 HOOK HANGER MAGIC TOADSTOOL
22244,3 HOOK HANGER MAGIC GARDEN
22243,5 HOOK HANGER RED MAGIC TOADSTOOL
47421,ASSORTED COLOUR LIZARD SUCTION HOOK
20712,JUMBO BAG WOODLAND ANIMALS
20713,JUMBO BAG OWLS
22837,HOT WATER BOTTLE BABUSHKA 
22969,HOMEMADE JAM SCENTED CANDLES
22973,CHILDREN'S CIRCUS PARADE MUG
84569B,PACK 3 FIRE ENGINE/CAR PATCHES
22549,PICTURE DOMINOES
POST,POSTAGE
20914,SET/5 RED RETROSPOT LID GLASS BOWLS
22892,SET OF SALT AND PEPPER TOADSTOOLS
22654,DELUXE SEWING KIT 
22767,TRIPLE PHOTO FRAME CORNICE 
22333,RETROSPOT PARTY BAG + STICKER SET
22245,"HOOK, 1 HANGER ,MAGIC GARDEN"
22077,6 RIBBONS RUSTIC CHARM
22631,CIRCUS PARADE LUNCH BOX 
22168,ORGANISER WOOD ANTIQUE WHITE 
21218,RED SPOTTY BISCUIT TIN
20957,PORCELAIN HANGING BELL SMALL
22580,ADVENT CALENDAR GINGHAM SACK
22752,SET 7 BABUSHKA NESTING BOXES
22961,JAM MAKING SET PRINTED
22962,JAM JAR WITH PINK LID
22963,JAM JAR WITH GREEN LID
22776,SWEETHEART CAKESTAND 3 TIER
22952,60 CAKE CASES VINTAGE CHRISTMAS
22215,CAKE STAND WHITE TWO TIER LACE
21977,PACK OF 60 PINK PAISLEY CAKE CASES
84991,60 TEATIME FAIRY CAKE CASES
21212,PACK OF 72 RETROSPOT CAKE CASES
22149,FELTCRAFT 6 FLOWER FRIENDS
21249,WOODLAND  HEIGHT CHART STICKERS 
22636,CHILDS BREAKFAST SET CIRCUS PARADE
22634,CHILDS BREAKFAST SET SPACEBOY 
22301,COFFEE MUG CAT + BIRD DESIGN
22300,COFFEE MUG DOG + BALL DESIGN
21328,BALLOONS  WRITING SET 
21329,DINOSAURS  WRITING SET 
85099B,JUMBO BAG RED RETROSPOT
22331,WOODLAND PARTY BAG + STICKER SET
22865,HAND WARMER OWL DESIGN
22171,3 HOOK PHOTO SHELF ANTIQUE WHITE
22926,IVORY GIANT GARDEN THERMOMETER
22914,BLUE COAT RACK PARIS FASHION
84849D,HOT BATHS SOAP HOLDER
22445,PENCIL CASE LIFE IS BEAUTIFUL
16016,LARGE CHINESE STYLE SCISSOR
22843,BISCUIT TIN VINTAGE GREEN
22842,BISCUIT TIN VINTAGE RED
84997D,PINK 3 PIECE POLKADOT CUTLERY SET
22199,FRYING PAN RED RETROSPOT
22200,FRYING PAN PINK POLKADOT
22505,MEMO BOARD COTTAGE DESIGN
22507,MEMO BOARD RETROSPOT  DESIGN
84050,PINK HEART SHAPE EGG FRYING PAN
85055,FRENCH ENAMEL UTENSIL HOLDER
84968A,SET OF 16 VINTAGE ROSE CUTLERY
22624,IVORY KITCHEN SCALES
22841,ROUND CAKE TIN VINTAGE GREEN
22847,BREAD BIN DINER STYLE IVORY
20685,DOORMAT RED RETROSPOT
22781,GUMBALL MAGAZINE RACK
22960,JAM MAKING SET WITH JARS
22964,3 PIECE SPACEBOY COOKIE CUTTER SET
22972,CHILDREN'S SPACEBOY MUG
22975,SPACEBOY CHILDRENS EGG CUP
22976,CIRCUS PARADE CHILDRENS EGG CUP 
22834,HAND WARMER BABUSHKA DESIGN
22568,FELTCRAFT CUSHION OWL
84375,SET OF 20 KIDS COOKIE CUTTERS
22940,FELTCRAFT CHRISTMAS FAIRY
22898,CHILDRENS APRON APPLES DESIGN
22968,ROSE COTTAGE KEEPSAKE BOX 
22816,CARD MOTORBIKE SANTA
22818,CARD CHRISTMAS VILLAGE
21915,RED  HARMONICA IN BOX 
21914,BLUE HARMONICA IN BOX 
20668,DISCO BALL CHRISTMAS DECORATION
21817,GLITTER CHRISTMAS TREE
22337,ANGEL DECORATION PAINTED ZINC 
22571,ROCKING HORSE RED CHRISTMAS 
22572,ROCKING HORSE GREEN CHRISTMAS 
22579,WOODEN TREE CHRISTMAS SCANDINAVIAN
22601,CHRISTMAS RETROSPOT ANGEL WOOD
84341B,SMALL PINK MAGIC CHRISTMAS TREE
22629,SPACEBOY LUNCH BOX 
22326,ROUND SNACK BOXES SET OF4 WOODLAND 
20719,WOODLAND CHARLOTTE BAG
22556,PLASTERS IN TIN CIRCUS PARADE 
22895,SET OF 2 TEA TOWELS APPLE AND PEARS
20750,RED RETROSPOT MINI CASES
22321,BIRD DECORATION RED RETROSPOT
22354,RETROSPOT PADDED SEAT CUSHION
85049E,SCANDINAVIAN REDS RIBBONS
85049D,BRIGHT BLUES RIBBONS 
85049F,BABY BOOM RIBBONS 
85049G,CHOCOLATE BOX RIBBONS 
22141,CHRISTMAS CRAFT TREE TOP ANGEL
22144,CHRISTMAS CRAFT LITTLE FRIENDS
22602,CHRISTMAS RETROSPOT HEART WOOD
22600,CHRISTMAS RETROSPOT STAR WOOD
22595,CHRISTMAS GINGHAM HEART
22594,CHRISTMAS GINGHAM TREE
22593,CHRISTMAS GINGHAM STAR
22573,STAR WOODEN CHRISTMAS DECORATION
22574,HEART WOODEN CHRISTMAS DECORATION
22577,WOODEN HEART CHRISTMAS SCANDINAVIAN
22578,WOODEN STAR CHRISTMAS SCANDINAVIAN
20724,RED RETROSPOT CHARLOTTE BAG
22423,REGENCY CAKESTAND 3 TIER
22328,ROUND SNACK BOXES SET OF 4 FRUITS 
22080,RIBBON REEL POLKADOTS 
22079,RIBBON REEL HEARTS DESIGN 
22078,RIBBON REEL LACE DESIGN 
22867,HAND WARMER BIRD DESIGN
22467,GUMBALL COAT RACK
22554,PLASTERS IN TIN WOODLAND ANIMALS
21981,PACK OF 12 WOODLAND TISSUES 
21984,PACK OF 12 PINK PAISLEY TISSUES 
21883,STARS GIFT TAPE 
22557,PLASTERS IN TIN VINTAGE PAISLEY 
22197,SMALL POPCORN HOLDER
22346,PARTY PIZZA DISH GREEN POLKADOT
22344,PARTY PIZZA DISH PINK POLKADOT
22345,PARTY PIZZA DISH BLUE POLKADOT
22625,RED KITCHEN SCALES
22111,SCOTTIE DOG HOT WATER BOTTLE
21481,FAWN BLUE HOT WATER BOTTLE
84920,PINK FLOWER FABRIC PONY
21430,SET/3 RED GINGHAM ROSE STORAGE BOX
20677,PINK POLKADOT BOWL
21243,PINK  POLKADOT PLATE 
20718,RED RETROSPOT SHOPPER BAG
22386,JUMBO BAG PINK POLKADOT
21238,RED RETROSPOT CUP
21239,PINK  POLKADOT CUP
84030E,ENGLISH ROSE HOT WATER BOTTLE
21216,"SET 3 RETROSPOT TEA,COFFEE,SUGAR"
20675,BLUE POLKADOT BOWL
21240,BLUE POLKADOT CUP
20676,RED RETROSPOT BOWL
21242,RED RETROSPOT PLATE 
21244,BLUE POLKADOT PLATE 
22082,RIBBON REEL STRIPES DESIGN 
21484,CHICK GREY HOT WATER BOTTLE
84968C,SET OF 16 VINTAGE PISTACHIO CUTLERY
22846,BREAD BIN DINER STYLE RED 
47559B,TEA TIME OVEN GLOVE
21035,SET/2 RED RETROSPOT TEA TOWELS 
22203,MILK PAN RED RETROSPOT
22202,MILK PAN PINK POLKADOT
21731,RED TOADSTOOL LED NIGHT LIGHT
21789,KIDS RAIN MAC PINK
21452,TOADSTOOL MONEY BOX
21949,SET OF 6 STRAWBERRY CHOPSTICKS
21429,RED GINGHAM ROSE JEWELLERY BOX
22627,MINT KITCHEN SCALES
20979,36 PENCILS TUBE RED RETROSPOT
20703,BLUE PADDED SOFT MOBILE
22468,BABUSHKA LIGHTS STRING OF 10
21918,SET 12 KIDS COLOUR  CHALK STICKS
21791,VINTAGE HEADS AND TAILS CARD GAME 
22620,4 TRADITIONAL SPINNING TOPS
21156,RETROSPOT CHILDRENS APRON
22943,CHRISTMAS LIGHTS 10 VINTAGE BAUBLES
22551,PLASTERS IN TIN SPACEBOY
21680,WOODLAND  STICKERS
22730,ALARM CLOCK BAKELIKE IVORY
22727,ALARM CLOCK BAKELIKE RED 
22725,ALARM CLOCK BAKELIKE CHOCOLATE
22891,TEA FOR ONE POLKADOT
17003,BROCADE RING PURSE 
22585,PACK OF 6 BIRDY GIFT TAGS
22173,METAL 4 HOOK HANGER FRENCH CHATEAU
20973,12 PENCIL SMALL TUBE WOODLAND
21559,STRAWBERRY LUNCH BOX WITH CUTLERY
22352,LUNCH BOX WITH CUTLERY RETROSPOT 
22550,HOLIDAY FUN LUDO
82494L,WOODEN FRAME ANTIQUE WHITE 
22788,BROCANTE COAT RACK
20702,PINK PADDED MOBILE
22860,EASTER TIN CHICKS PINK DAISY
22859,EASTER TIN BUNNY BOUQUET
22956,36 FOIL HEART CAKE CASES
21210,SET OF 72 RETROSPOT PAPER  DOILIES
21578,WOODLAND DESIGN  COTTON TOTE BAG
21700,BIG DOUGHNUT FRIDGE MAGNETS
16235,RECYCLED PENCIL WITH RABBIT ERASER
21787,RAIN PONCHO RETROSPOT
21232,STRAWBERRY CERAMIC TRINKET BOX
22472,TV DINNER TRAY DOLLY GIRL
22555,PLASTERS IN TIN STRONGMAN
22646,CERAMIC STRAWBERRY CAKE MONEY BANK
22644,CERAMIC CHERRY CAKE MONEY BANK
22649,STRAWBERRY FAIRY CAKE TEAPOT
22489,PACK OF 12 TRADITIONAL CRAYONS
22907,PACK OF 20 NAPKINS PANTRY DESIGN
22908,PACK OF 20 NAPKINS RED APPLES
22897,OVEN MITT APPLES DESIGN
22848,BREAD BIN DINER STYLE PINK
22728,ALARM CLOCK BAKELIKE PINK
84228,HEN HOUSE W CHICK STANDING
22491,PACK OF 12 COLOURED PENCILS
22741,FUNKY DIVA PEN
22797,CHEST OF DRAWERS GINGHAM HEART 
22621,TRADITIONAL KNITTING NANCY
22937,BAKING MOULD CHOCOLATE CUPCAKES
22746,POPPY'S PLAYHOUSE LIVINGROOM 
22745,POPPY'S PLAYHOUSE BEDROOM 
22748,POPPY'S PLAYHOUSE KITCHEN
22419,LIPSTICK PEN RED
22759,SET OF 3 NOTEBOOKS IN PARCEL
21231,SWEETHEART CERAMIC TRINKET BOX
21577,SAVE THE PLANET COTTON TOTE BAG
22808,SET OF 6 T-LIGHTS EASTER CHICKS
22856,ASSORTED EASTER DECORATIONS  BELLS
22934,BAKING MOULD EASTER EGG WHITE CHOC
21658,GLASS  BEURRE DISH
35651,VINTAGE BEAD PINK SCARF 
20679,EDWARDIAN PARASOL RED
85014B,RED RETROSPOT UMBRELLA
22913,RED COAT RACK PARIS FASHION
22923,FRIDGE MAGNETS LES ENFANTS ASSORTED
22966,GINGERBREAD MAN COOKIE CUTTER
22743,MAKE YOUR OWN FLOWERPOWER CARD KIT
22744,MAKE YOUR OWN MONSOON CARD KIT
22720,SET OF 3 CAKE TINS PANTRY DESIGN 
21485,RETROSPOT HEART HOT WATER BOTTLE
21258,VICTORIAN SEWING BOX LARGE
22343,PARTY PIZZA DISH RED RETROSPOT
22504,CABIN BAG VINTAGE RETROSPOT
22503,CABIN BAG VINTAGE PAISLEY
21122,SET/10 PINK POLKADOT PARTY CANDLES
22722,SET OF 6 SPICE TINS PANTRY DESIGN
21272,SALLE DE BAIN HOOK
22452,MEASURING TAPE BABUSHKA PINK
22626,BLACK KITCHEN SCALES
21881,CUTE CATS TAPE
22074,6 RIBBONS SHIMMERING PINKS 
22190,LOCAL CAFE MUG
22355,CHARLOTTE BAG SUKI DESIGN
85205B,PINK FELT EASTER RABBIT GARLAND
22652,TRAVEL SEWING KIT
22721,SET OF 3 CAKE TINS SKETCHBOOK
22723,SET OF 6 HERB TINS SKETCHBOOK
21880,RED RETROSPOT TAPE
22379,RECYCLING BAG RETROSPOT 
21884,CAKES AND BOWS GIFT  TAPE
84660C,PINK STITCHED WALL CLOCK
84012,MAGIC SHEEP WOOL GROWING FROM PAPER
70006,LOVE HEART POCKET WARMER
84674,FLYING PIG WATERING CAN
84660B,BLACK STITCHED WALL CLOCK
84660A,WHITE STITCHED WALL CLOCK
22113,GREY HEART HOT WATER BOTTLE
22254,FELT TOADSTOOL LARGE
22255,FELT TOADSTOOL  SMALL
22659,LUNCH BOX I LOVE LONDON
21426,WOODLAND STORAGE BOX SMALL
21424,WOODLAND STORAGE BOX LARGE 
22221,CAKE STAND LOVEBIRD 2 TIER PINK
22236,CAKE STAND 3 TIER MAGIC GARDEN
22223,CAKE PLATE LOVEBIRD PINK
22222,CAKE PLATE LOVEBIRD WHITE
21871,SAVE THE PLANET MUG
22117,METAL SIGN HER DINNER IS SERVED 
22378,WALL TIDY RETROSPOT 
22396,MAGNETS PACK OF 4 RETRO PHOTO
82613B,"METAL SIGN,CUPCAKE SINGLE HOOK"
82613D,METAL SIGN CUPCAKE SINGLE HOOK
84509G,SET OF 4 FAIRY CAKE PLACEMATS 
22064,PINK DOUGHNUT TRINKET POT 
37448,CERAMIC CAKE DESIGN SPOTTED MUG
47567B,TEA TIME KITCHEN APRON
47570B,TEA TIME TABLE CLOTH
48185,DOORMAT FAIRY CAKE
21527,RED RETROSPOT TRADITIONAL TEAPOT 
21165,BEWARE OF THE CAT METAL SIGN 
22849,BREAD BIN DINER STYLE MINT
22863,SOAP DISH BROCANTE
22820,GIFT BAG BIRTHDAY
20981,12 PENCILS TALL TUBE WOODLAND
21398,RED POLKADOT COFFEE  MUG
21392,RED POLKADOT PUDDING BOWL
21394,RED POLKADOT BEAKER 
22138,BAKING SET 9 PIECE RETROSPOT 
84879,ASSORTED COLOUR BIRD ORNAMENT
21136,PAINTED METAL PEARS ASSORTED
22605,WOODEN CROQUET GARDEN SET
22606,WOODEN SKITTLES GARDEN SET
22777,GLASS CLOCHE LARGE
22778,GLASS CLOCHE SMALL
21175,GIN + TONIC DIET METAL SIGN
85152,HAND OVER THE CHOCOLATE   SIGN 
22948,METAL DECORATION NAUGHTY CHILDREN 
22398,MAGNETS PACK OF 4 SWALLOWS
22399,MAGNETS PACK OF 4 CHILDHOOD MEMORY
22400,MAGNETS PACK OF 4 HOME SWEET HOME
22567,20 DOLLY PEGS RETROSPOT
22558,CLOTHES PEGS RETROSPOT PACK 24 
21668,RED STRIPE CERAMIC DRAWER KNOB
21669,BLUE STRIPE CERAMIC DRAWER KNOB
21672,WHITE SPOT RED CERAMIC DRAWER KNOB
21673,WHITE SPOT BLUE CERAMIC DRAWER KNOB
22772,PINK DRAWER KNOB ACRYLIC EDWARDIAN
22773,GREEN DRAWER KNOB ACRYLIC EDWARDIAN
22805,BLUE DRAWER KNOB ACRYLIC EDWARDIAN
22785,SQUARECUSHION COVER PINK UNION FLAG
22786,CUSHION COVER PINK UNION JACK
22638,SET OF 4 NAPKIN CHARMS CROWNS 
22640,SET OF 4 NAPKIN CHARMS 3 KEYS 
22604,SET OF 4 NAPKIN CHARMS CUTLERY
22316,200 BENDY SKULL STRAWS
22951,60 CAKE CASES DOLLY GIRL DESIGN
21975,PACK OF 60 DINOSAUR CAKE CASES
21213,PACK OF 72 SKULL CAKE CASES
84987,SET OF 36 TEATIME PAPER DOILIES
22949,36 DOILIES DOLLY GIRL
84988,SET OF 72 PINK HEART PAPER DOILIES
21211,SET OF 72 SKULL PAPER  DOILIES
21972,SET OF 36 DINOSAUR PAPER DOILIES
21622,VINTAGE UNION JACK CUSHION COVER
21625,VINTAGE UNION JACK APRON
22091,EMPIRE TISSUE BOX
22076,6 RIBBONS EMPIRE  
22851,SET 20 NAPKINS FAIRY CAKES DESIGN 
20828,GLITTER BUTTERFLY CLIPS
22616,PACK OF 12 LONDON TISSUES 
21967,PACK OF 12 SKULL TISSUES
21982,PACK OF 12 SUKI TISSUES 
22047,EMPIRE GIFT WRAP
22046,TEA PARTY  WRAPPING PAPER 
22048,BIRTHDAY BANQUET GIFT WRAP
16156S,WRAP PINK FAIRY CAKES 
22706,WRAP COWBOYS  
20971,PINK BLUE FELT CRAFT TRINKET BOX
22272,FELTCRAFT DOLL MARIA
22751,FELTCRAFT PRINCESS OLIVIA DOLL
22533,MAGIC DRAWING SLATE BAKE A CAKE 
22534,MAGIC DRAWING SLATE SPACEBOY 
84078A,SET/4 WHITE RETRO STORAGE CUBES 
20681,PINK POLKADOT CHILDRENS UMBRELLA
20682,RED RETROSPOT CHILDRENS UMBRELLA
21086,SET/6 RED SPOTTY PAPER CUPS
21094,SET/6 RED SPOTTY PAPER PLATES
84997B,RED 3 PIECE RETROSPOT CUTLERY SET
22090,PAPER BUNTING RETROSPOT
21786,POLKADOT RAIN HAT 
22178,VICTORIAN GLASS HANGING T-LIGHT
21656,RIDGED GLASS POSY VASE 
22896,PEG BAG APPLES DESIGN
22894,TABLECLOTH RED APPLES DESIGN 
22986,GINGHAM ROSE WRAP
22661,CHARLOTTE BAG DOLLY GIRL DESIGN
20665,RED RETROSPOT PURSE 
15056BL,EDWARDIAN PARASOL BLACK
15056N,EDWARDIAN PARASOL NATURAL
21121,SET/10 RED POLKADOT PARTY CANDLES
21126,SET OF 6 GIRLS CELEBRATION CANDLES
21125,SET 6 FOOTBALL CELEBRATION CANDLES
22668,PINK BABY BUNTING
22319,HAIRCLIPS FORTIES FABRIC ASSORTED
21042,RED RETROSPOT APRON 
22195,LARGE HEART MEASURING SPOONS
22617,BAKING SET SPACEBOY DESIGN
21558,SKULL LUNCH BOX WITH CUTLERY 
22327,ROUND SNACK BOXES SET OF 4 SKULLS
21539,RED RETROSPOT BUTTER DISH
84997A,GREEN 3 PIECE POLKADOT CUTLERY SET
84997C,BLUE 3 PIECE POLKADOT CUTLERY SET
22635,CHILDS BREAKFAST SET DOLLY GIRL 
21245,GREEN POLKADOT PLATE 
20674,GREEN POLKADOT BOWL
47351B,BLUE  VOILE LAMPSHADE
21980,PACK OF 12 RED RETROSPOT TISSUES 
21983,PACK OF 12 BLUE PAISLEY TISSUES 
20977,36 PENCILS TUBE WOODLAND
20978,36 PENCILS TUBE SKULLS
22189,CREAM HEART CARD HOLDER
21428,SET3 BOOK BOX GREEN GINGHAM FLOWER 
22609,PENS ASSORTED SPACEBALL
47503A,ASS FLORAL PRINT MULTI SCREWDRIVER
84826,ASSTD DESIGN 3D PAPER STICKERS
21002,ROSE DU SUD DRAWSTRING BAG
22857,ASSORTED EASTER GIFT TAGS
22509,SEWING BOX RETROSPOT DESIGN 
22087,PAPER BUNTING WHITE LACE
22088,PAPER BUNTING COLOURED LACE
22089,PAPER BUNTING VINTAGE PAISLEY
21217,RED RETROSPOT ROUND CAKE TINS
21155,RED RETROSPOT PEG BAG
20725,LUNCH BAG RED RETROSPOT
20727,LUNCH BAG  BLACK SKULL.
22329,ROUND CONTAINER SET OF 5 RETROSPOT
22628,PICNIC BOXES SET OF 3 RETROSPOT 
21041,RED RETROSPOT OVEN GLOVE DOUBLE
21154,RED RETROSPOT OVEN GLOVE 
22073,RED RETROSPOT STORAGE JAR
21084,SET/6 COLLAGE PAPER CUPS
21088,SET/6 FRUIT SALAD PAPER CUPS
21987,PACK OF 6 SKULL PAPER CUPS
21090,SET/6 COLLAGE PAPER PLATES
21096,SET/6 FRUIT SALAD  PAPER PLATES
21988,PACK OF 6 SKULL PAPER PLATES
21080,SET/20 RED RETROSPOT PAPER NAPKINS 
21989,PACK OF 20 SKULL PAPER NAPKINS
22502,PICNIC BASKET WICKER SMALL
22055,MINI CAKE STAND  HANGING STRAWBERY
84692,BOX OF 24 COCKTAIL PARASOLS
85093,CANDY SPOT EGG WARMER HARE
85094,CANDY SPOT EGG WARMER RABBIT
22131,FOOD CONTAINER SET 3 LOVE HEART 
84596E,SMALL LICORICE DES PINK BOWL
84596G,SMALL CHOCOLATES PINK BOWL
21446,12 RED ROSE PEG PLACE SETTINGS
21447,12 IVORY ROSE PEG PLACE SETTINGS
22151,PLACE SETTING WHITE HEART
47480,HANGING PHOTO CLIP ROPE LADDER
21503,TOYBOX  WRAP 
21498,RED RETROSPOT WRAP 
21499,BLUE POLKADOT WRAP
21500,PINK POLKADOT WRAP 
22050,PINK PAISLEY ROSE GIFT WRAP
22051,BLUE SCANDINAVIAN PAISLEY WRAP
22704,WRAP RED APPLES 
22707,WRAP MONSTER FUN 
22708,WRAP DOLLY GIRL
22709,WRAP WEDDING DAY
22711,WRAP CIRCUS PARADE
22985,"WRAP, BILLBOARD FONTS DESIGN"
21917,SET 12 KIDS  WHITE CHALK STICKS
84744,S/6 SEW ON CROCHET FLOWERS
22747,POPPY'S PLAYHOUSE BATHROOM
21991,BOHEMIAN COLLAGE STATIONERY SET
21992,VINTAGE PAISLEY STATIONERY SET
10125,MINI FUNKY DESIGN TAPES
21882,SKULLS TAPE
22263,FELT EGG COSY LADYBIRD 
22403,MAGNETS PACK OF 4 VINTAGE LABELS 
22471,TV DINNER TRAY AIR HOSTESS 
47594B,SCOTTIES DESIGN WASHBAG
21579,LOLITA  DESIGN  COTTON TOTE BAG
22449,SILK PURSE BABUSHKA PINK
22450,SILK PURSE BABUSHKA BLUE
22451,SILK PURSE BABUSHKA RED
21873,IF YOU CAN'T STAND THE HEAT MUG
22303,COFFEE MUG APPLES DESIGN
21219,SET/4 BADGES BALLOON GIRL
21220,SET/4 BADGES DOGS
21221,SET/4 BADGES CUTE CREATURES
84380,SET OF 3 BUTTERFLY COOKIE CUTTERS
21931,JUMBO STORAGE BAG SUKI
21935,SUKI  SHOULDER BAG
22858,EASTER TIN KEEPSAKE
22861,EASTER TIN CHICKS IN GARDEN
22366,DOORMAT AIRMAIL 
22264,FELT FARM ANIMAL WHITE BUNNY 
22377,BOTTLE BAG RETROSPOT 
20726,LUNCH BAG WOODLAND
20728,LUNCH BAG CARS BLUE
22383,LUNCH BAG SUKI  DESIGN 
85176,SEWING SUSAN 21 NEEDLE SET
82482,WOODEN PICTURE FRAME WHITE FINISH
21135,VICTORIAN  METAL POSTCARD SPRING
22984,CARD GINGHAM ROSE 
15056P,EDWARDIAN PARASOL PINK
21976,PACK OF 60 MUSHROOM CAKE CASES
22139,RETROSPOT TEA SET CERAMIC 11 PC 
84949,SILVER HANGING T-LIGHT HOLDER
22425,ENAMEL COLANDER CREAM
21671,RED SPOT CERAMIC DRAWER KNOB
16161P,WRAP ENGLISH ROSE 
84968F,SET OF 16 VINTAGE SKY BLUE CUTLERY
84968D,SET OF 16 VINTAGE RED CUTLERY
21936,RED RETROSPOT PICNIC BAG
21025,SPACE FROG
22669,RED BABY BUNTING 
21746,SMALL RED RETROSPOT WINDMILL
22487,WHITE WOOD GARDEN PLANT LADDER
22630,DOLLY GIRL LUNCH BOX
22174,PHOTO CUBE
37495,FAIRY CAKE BIRTHDAY CANDLE SET
22447,PIN CUSHION BABUSHKA BLUE
22453,MEASURING TAPE BABUSHKA BLUE
22367,CHILDRENS APRON SPACEBOY DESIGN
21054,NURSE'S BAG SOFT TOY
21055,TOOL BOX SOFT TOY 
20704,MR ROBOT SOFT TOY
20705,MRS ROBOT SOFT TOY
22176,BLUE OWL SOFT TOY
21891,TRADITIONAL WOODEN SKIPPING ROPE
21890,S/6 WOODEN SKITTLES IN COTTON BAG
21889,WOODEN BOX OF DOMINOES
22510,GINGHAM BABUSHKA DOORSTOP
22511,RETROSPOT BABUSHKA DOORSTOP
22180,RETROSPOT LAMP
10002,INFLATABLE POLITICAL GLOBE 
22931,BAKING MOULD HEART WHITE CHOCOLATE
21826,EIGHT PIECE DINOSAUR SET
20975,12 PENCILS SMALL TUBE RED RETROSPOT
20974,12 PENCILS SMALL TUBE SKULL
51014A,"FEATHER PEN,HOT PINK"
51014L,"FEATHER PEN,LIGHT PINK"
47599B,BLUE PARTY BAGS 
47599A,PINK PARTY BAGS
22562,MONSTERS STENCIL CRAFT
22563,HAPPY STENCIL CRAFT
47590A,BLUE HAPPY BIRTHDAY BUNTING
47590B,PINK HAPPY BIRTHDAY BUNTING
22516,CHILDS GARDEN RAKE BLUE
22619,SET OF 6 SOLDIER SKITTLES
22128,PARTY CONES CANDY ASSORTED
21955,DOORMAT UNION JACK GUNS AND ROSES
22692,DOORMAT WELCOME TO OUR HOME
48188,DOORMAT WELCOME PUPPIES
21251,DINOSAUR HEIGHT CHART STICKER SET
22356,CHARLOTTE BAG PINK POLKADOT
16168M,FUNKY MONKEY GIFT BAG MEDIUM
84247L,FAWN AND MUSHROOM GREETING CARD
22900, SET 2 TEA TOWELS I LOVE LONDON 
22302,COFFEE MUG PEARS  DESIGN
22494,EMERGENCY FIRST AID TIN 
22957,SET 3 PAPER VINTAGE CHICK PAPER EGG
22967,SET 3 SONG BIRD PAPER EGGS ASSORTED
22710,WRAP I LOVE LONDON 
22024,RAINY LADIES BIRTHDAY CARD
22037,ROBOT BIRTHDAY CARD
22025,RING OF ROSES BIRTHDAY CARD
21507,"ELEPHANT, BIRTHDAY CARD, "
21508,VINTAGE KID DOLLY CARD 
21509,COWBOYS AND INDIANS BIRTHDAY CARD 
22814,CARD PARTY GAMES 
22813,PACK 3 BOXES BIRD PANNETONE 
22742,MAKE YOUR OWN PLAYTIME CARD KIT
22903,CALENDAR FAMILY FAVOURITES
22535,MAGIC DRAWING SLATE BUNNIES 
22537,MAGIC DRAWING SLATE DINOSAUR
22179,SET 10 LIGHTS NIGHT OWL
22899,CHILDREN'S APRON DOLLY GIRL 
22418,10 COLOUR SPACEBOY PEN
22432,WATERING CAN PINK BUNNY
47566,PARTY BUNTING
21124,SET/10 BLUE POLKADOT PARTY CANDLES
22311,OFFICE MUG WARMER BLACK+SILVER 
22666,RECIPE BOX PANTRY YELLOW DESIGN
84828,JUNGLE POPSICLES ICE LOLLY HOLDERS
22740,POLKADOT PEN
22433,WATERING CAN GREEN DINOSAUR
22466,FAIRY TALE COTTAGE NIGHTLIGHT
21561,DINOSAUR LUNCH BOX WITH CUTLERY
22771,CLEAR DRAWER KNOB ACRYLIC EDWARDIAN
21670,BLUE SPOT CERAMIC DRAWER KNOB
22411,JUMBO SHOPPER VINTAGE RED PAISLEY
21929,JUMBO BAG PINK VINTAGE PAISLEY
21928,JUMBO BAG SCANDINAVIAN PAISLEY
21439,BASKET OF TOADSTOOLS
21916,SET 12 RETRO WHITE CHALK STICKS
21592,RETROSPOT CIGAR BOX MATCHES 
21788,KIDS RAIN MAC BLUE
22970,LONDON BUS COFFEE MUG
22614,PACK OF 12 SPACEBOY TISSUES
22971,QUEENS GUARD COFFEE MUG
22448,PIN CUSHION BABUSHKA RED
22446,PIN CUSHION BABUSHKA PINK
22716,CARD CIRCUS PARADE
22718,CARD CAT AND TREE 
22815,CARD PSYCHEDELIC APPLES
22817,CARD SUKI BIRTHDAY
85049C,ROMANTIC PINKS RIBBONS 
85049H,URBAN BLACK RIBBONS 
22332,SKULLS PARTY BAG + STICKER SET
22334,DINOSAUR PARTY BAG + STICKER SET
22271,FELTCRAFT DOLL ROSIE
85185B,PINK HORSE SOCK PUPPET
21381,MINI WOODEN HAPPY BIRTHDAY GARLAND
85199L,LARGE HANGING IVORY & RED WOOD BIRD
85199S,SMALL HANGING IVORY/RED WOOD BIRD
22212,FOUR HOOK  WHITE LOVEBIRDS
21202,DOLLY HONEYCOMB GARLAND
22029,SPACEBOY BIRTHDAY CARD
21896,POTTING SHED TWINE
22591,CARDHOLDER GINGHAM CHRISTMAS TREE
85232B,SET OF 3 BABUSHKA STACKING TINS
22596,CHRISTMAS STAR WISH LIST CHALKBOARD
21580,RABBIT  DESIGN  COTTON TOTE BAG
22492,MINI PAINT SET VINTAGE 
62018,SOMBRERO 
21843,RED RETROSPOT CAKE STAND
37447,CERAMIC CAKE DESIGN SPOTTED PLATE
47580,TEA TIME DES TEA COSY
37500,TEA TIME TEAPOT IN GIFT BOX
37501,TEA TIME TEA SET IN GIFT BOX
47585A,PINK FAIRY CAKE CUSHION COVER
84535B,FAIRY CAKES NOTEBOOK A6 SIZE
84536B,FAIRY CAKES NOTEBOOK A7 SIZE
15060B,FAIRY CAKE DESIGN UMBRELLA
37446,MINI CAKE STAND WITH HANGING CAKES
37450,CERAMIC CAKE BOWL + HANGING CAKES
47566B,TEA TIME PARTY BUNTING
22384,LUNCH BAG PINK POLKADOT
21937,STRAWBERRY   PICNIC BAG
21844,RED RETROSPOT MUG
21894,POTTING SHED SEED ENVELOPES
20717,STRAWBERRY SHOPPER BAG
20716,PARTY FOOD SHOPPER BAG
22427,ENAMEL FLOWER JUG CREAM
20752,BLUE POLKADOT WASHING UP GLOVES
84832,ZINC WILLIE WINKIE  CANDLE STICK
82484,WOOD BLACK BOARD ANT WHITE FINISH
21116,OWL DOORSTOP
21137,BLACK RECORD COVER FRAME
84279P,CHERRY BLOSSOM  DECORATIVE FLASK
22435,SET OF 9 HEART SHAPED BALLOONS
21556,CERAMIC STRAWBERRY MONEY BOX
20963,APPLE BATH SPONGE
21479,WHITE SKULL HOT WATER BOTTLE 
22807,SET OF 6 T-LIGHTS TOADSTOOLS
22204,MILK PAN BLUE POLKADOT
22067,CHOC TRUFFLE GOLD TRINKET POT 
22063,CERAMIC BOWL WITH STRAWBERRY DESIGN
22134,MINI LADLE LOVE HEART RED 
22059,CERAMIC STRAWBERRY DESIGN MUG
22072,RED RETROSPOT TEA CUP AND SAUCER 
21068,VINTAGE BILLBOARD LOVE/HATE MUG
84509B,SET OF 4 FAIRY CAKE PLACEMATS
22320,BIRDS MOBILE VINTAGE DESIGN
22763,KEY CABINET MA CAMPAGNE
21531,RED RETROSPOT SUGAR JAM BOWL
84536A,ENGLISH ROSE NOTEBOOK A7 SIZE
22474,SPACEBOY TV DINNER TRAY
22637,PIGGY BANK RETROSPOT 
21892,TRADITIONAL WOODEN CATCH CUP GAME 
90037B,TINY CRYSTAL BRACELET GREEN
90098,NECKLACE+BRACELET PINK BUTTERFLY
22231,JIGSAW TREE WITH BIRDHOUSE
23231,WRAP DOILEY DESIGN
22989,SET 2 PANTRY DESIGN TEA TOWELS
22040,BOTANICAL ROSE GIFT WRAP
21925,UNION STRIPE CUSHION COVER 
21926,RED/CREAM STRIPE CUSHION COVER 
21927,BLUE/CREAM STRIPE CUSHION COVER 
21314,SMALL GLASS HEART TRINKET POT
20897,VINTAGE NOTEBOOK PARIS DAYS
85232A,SET/3 POLKADOT STACKING TINS
21906,PHARMACIE FIRST AID TIN
48184,DOORMAT ENGLISH ROSE 
21441,BLUE BIRDHOUSE DECORATION
21523,DOORMAT FANCY FONT HOME SWEET HOME
22365,DOORMAT RESPECTABLE HOUSE
22414,DOORMAT NEIGHBOURHOOD WITCH 
22690,DOORMAT HOME SWEET HOME BLUE 
48187,DOORMAT NEW ENGLAND
22431,WATERING CAN BLUE ELEPHANT
22508,DOORSTOP RETROSPOT HEART
21411,GINGHAM HEART  DOORSTOP RED
20794,BLUE  TILE HOOK
22912,YELLOW COAT RACK PARIS FASHION
84406B,CREAM CUPID HEARTS COAT HANGER
35241,ENAMEL BLUE RIM BISCUIT BIN
35810B,ENAMEL BLUE RIM COFFEE CONTAINER
22482,BLUE TEA TOWEL CLASSIC DESIGN
22260,FELT EGG COSY BLUE RABBIT 
22262,FELT EGG COSY CHICKEN
21564,PINK  HEART SHAPE LOVE BUCKET 
21563,RED HEART SHAPE LOVE BUCKET 
21706,FOLDING UMBRELLA RED/WHITE POLKADOT
21621,VINTAGE UNION JACK BUNTING
21716,BOYS VINTAGE TIN SEASIDE BUCKET
20723,STRAWBERRY CHARLOTTE BAG
22385,JUMBO BAG SPACEBOY DESIGN
22560,TRADITIONAL MODELLING CLAY
22662,LUNCH BAG DOLLY GIRL DESIGN
22729,ALARM CLOCK BAKELIKE ORANGE
23233,WRAP POPPIES  DESIGN
22936,BAKING MOULD ROSE WHITE CHOCOLATE
72351A,SET/6 TURQUOISE BUTTERFLY T-LIGHTS
72351B,SET/6 PINK  BUTTERFLY T-LIGHTS
85170C,SET/6 EAU DE NIL BIRD T-LIGHTS
22993,SET OF 4 PANTRY JELLY MOULDS
84796B,BLUE SAVANNAH PICNIC HAMPER FOR 2
22349,DOG BOWL CHASING BALL DESIGN
22350,ILLUSTRATED CAT BOWL 
22665,RECIPE BOX BLUE SKETCHBOOK DESIGN
22991,GIRAFFE WOODEN RULER
22148,EASTER CRAFT 4 CHICKS 
22583,PACK OF 6 HANDBAG GIFT BOXES
22992,REVOLVER WOODEN RULER 
10135,COLOURING PENCILS BROWN TUBE
84356,POMPOM CURTAIN
21985,PACK OF 12 HEARTS DESIGN TISSUES 
20754,RETROSPOT RED WASHING UP GLOVES
21533,RETROSPOT LARGE MILK JUG
21456,2 PICTURE BOOK EGGS EASTER CHICKS
22553,PLASTERS IN TIN SKULLS
22824,3 TIER SWEETHEART GARDEN SHELF
21458,2 PICTURE BOOK EGGS EASTER BUNNY
84029E,RED WOOLLY HOTTIE WHITE HEART.
22021,BLUE FELT EASTER EGG BASKET
85206A,CREAM FELT EASTER EGG BASKET
85227,SET OF 6 3D KIT CARDS FOR KIDS
22939,APRON APPLE DELIGHT
22440,BALLOON WATER BOMB PACK OF 35
22438,BALLOON ART MAKE YOUR OWN FLOWERS
21204,DAISIES  HONEYCOMB GARLAND 
21206,STRAWBERRY HONEYCOMB  GARLAND 
22322,BIRD DECORATION GREEN POLKADOT
21360,JOY LARGE WOOD LETTERS
21354,TOAST ITS - BEST MUM
20749,ASSORTED COLOUR MINI CASES
48129,DOORMAT TOPIARY
22822,CREAM WALL PLANTER HEART SHAPED
72807A,SET/3 ROSE CANDLE IN JEWELLED BOX
72807B,SET/3 OCEAN SCENT CANDLE JEWEL BOX
72807C,SET/3 VANILLA SCENTED CANDLE IN BOX
21115,ROSE CARAVAN DOORSTOP
21108,FAIRY CAKE FLANNEL ASSORTED COLOUR
21110,LARGE CAKE TOWEL PINK SPOTS
21215,IVORY PAPER CUP CAKE CASES 
22220,CAKE STAND LOVEBIRD 2 TIER WHITE
22838,3 TIER CAKE TIN RED AND CREAM
85099F,JUMBO BAG STRAWBERRY
22281,EASTER TREE YELLOW BIRDS
21058,PARTY INVITES WOODLAND
22715,CARD WEDDING DAY
21519,GIN & TONIC DIET GREETING CARD 
22420,LIPSTICK PEN BABY PINK
22422,TOOTHPASTE TUBE PEN
84461,12 PINK HEN+CHICKS IN BASKET
22774,RED DRAWER KNOB ACRYLIC EDWARDIAN
22775,PURPLE DRAWERKNOB ACRYLIC EDWARDIAN
22532,MAGIC DRAWING SLATE LEAP FROG 
22417,PACK OF 60 SPACEBOY CAKE CASES
22083,PAPER CHAIN KIT RETROSPOT
22027,TEA PARTY BIRTHDAY CARD
22416,SET OF 36 DOILIES SPACEBOY DESIGN 
22613,PACK OF 20 SPACEBOY NAPKINS
23052,RECYCLED ACAPULCO MAT TURQUOISE
23053,RECYCLED ACAPULCO MAT PINK
23054,RECYCLED ACAPULCO MAT LAVENDER
23050,RECYCLED ACAPULCO MAT GREEN
23230,WRAP ALPHABET DESIGN
23000,TRAVEL CARD WALLET TRANSPORT
23232,WRAP VINTAGE PETALS  DESIGN
21383,PACK OF 12 STICKY BUNNIES
21259,VICTORIAN SEWING BOX SMALL 
21257,VICTORIAN SEWING BOX MEDIUM
23010,CIRCUS PARADE BABY GIFT SET
21320,GLASS CHALICE GREEN  LARGE 
21318,GLASS CHALICE BLUE SMALL 
21874,GIN AND TONIC MUG
22434,BALLOON PUMP WITH 10 BALLOONS
21774,DECORATIVE CATS BATHROOM BOTTLE
84997D,CHILDRENS CUTLERY POLKADOT PINK
22383,LUNCH BAG SUKI DESIGN 
47367B,PAIR PADDED HANGERS PINK CHECK
23183,MOTHER'S KITCHEN SPOON REST 
23177,TREASURE ISLAND BOOK BOX
22570,FELTCRAFT CUSHION RABBIT
35910B,PINK FLOWERS RABBIT EASTER
85203,HANGING WOOD AND FELT BUTTERFLY 
22228,BUNNY WOODEN PAINTED WITH BIRD 
22247,BUNNY DECORATION MAGIC GARDEN
16161U,WRAP SUKI AND FRIENDS
22045,SPACEBOY GIFT WRAP
23194,GYMKHANA TREASURE BOOK BOX
21698,MOCK LOBSTER FRIDGE MAGNET
23007, SPACEBOY BABY GIFT SET
22979,PANTRY WASHING UP BRUSH
22980,PANTRY SCRUBBING BRUSH
22978,PANTRY ROLLING PIN
23126,FELTCRAFT GIRL AMELIE KIT
22982,PANTRY PASTRY BRUSH
85014A,BLACK/BLUE POLKADOT UMBRELLA
23179,CLOCK MAGNET MUM'S KITCHEN
21535,RED RETROSPOT SMALL MILK JUG
22667,RECIPE BOX RETROSPOT 
21986,PACK OF 12 PINK POLKADOT TISSUES
21395,BLUE POLKADOT BEAKER 
21399,BLUE POLKADOT COFFEE MUG
20983,12 PENCILS TALL TUBE RED RETROSPOT
21537,RED RETROSPOT PUDDING BOWL
21504,SKULLS GREETING CARD
20982,12 PENCILS TALL TUBE SKULLS
16238,PARTY TIME PENCIL ERASERS
16237,SLEEPING CAT ERASERS
22564,ALPHABET STENCIL CRAFT
21679,SKULLS  STICKERS
22819,"BIRTHDAY CARD, RETRO SPOT"
22663,JUMBO BAG DOLLY GIRL DESIGN
20684,STRAWBERRY DREAM CHILDS UMBRELLA
21250,SET OF SKULL WALL STICKERS
84531B,BLUE KNITTED EGG COSY
84531A,PINK KNITTED EGG COSY
22977,DOLLY GIRL CHILDRENS EGG CUP
85027L,FRENCH CHATEAU LARGE PLATTER 
20998,ROSE DU SUD OVEN GLOVE
22030,SWALLOWS GREETING CARD
22983,CARD BILLBOARD FONT
22389,PAPERWEIGHT SAVE THE PLANET
23159,SET OF 5 PANCAKE DAY MAGNETS
23154,SET OF 4 JAM JAR MAGNETS
23158,SET OF 5 LUCKY CAT MAGNETS 
23156,SET OF 5 MINI GROCERY MAGNETS
22645,CERAMIC HEART FAIRY CAKE MONEY BANK
23078,ICE CREAM PEN LIP GLOSS 
22123,PING MICROWAVE APRON
22062,CERAMIC BOWL WITH LOVE HEART DESIGN
22999,TRAVEL CARD WALLET RETRO PETALS
23004,TRAVEL CARD WALLET PANTRY
15036,ASSORTED COLOURS SILK FAN
22531,MAGIC DRAWING SLATE CIRCUS PARADE  
22726,ALARM CLOCK BAKELIKE GREEN
22520,CHILDS GARDEN TROWEL BLUE 
22521,CHILDS GARDEN TROWEL PINK
22525,CHILDRENS GARDEN GLOVES PINK
22524,CHILDRENS GARDEN GLOVES BLUE
21397,BLUE POLKADOT EGG CUP 
22233,JIGSAW RABBIT AND BIRDHOUSE
22230,JIGSAW TREE WITH WATERING CAN
22258,FELT FARM ANIMAL RABBIT
35910A,MULTICOLOUR EASTER RABBIT 
22437,SET OF 9 BLACK SKULL BALLOONS
22444,GROW YOUR OWN PLANT IN A CAN 
72760B,VINTAGE CREAM 3 BASKET CAKE STAND
22893,MINI CAKE STAND T-LIGHT HOLDER
22060,LARGE CAKE STAND HANGING HEARTS
22693,GROW A FLYTRAP OR SUNFLOWER IN TIN
23076,ICE CREAM SUNDAE LIP GLOSS
23051,RECYCLED ACAPULCO MAT BLUE
23155,KNICKERBOCKERGLORY MAGNET ASSORTED 
23077,DOUGHNUT LIP GLOSS 
21675,BUTTERFLIES STICKERS
21719,LOVELY BONBON STICKER SHEET
22279,POCKET BAG BLUE PAISLEY RED SPOT
22382,LUNCH BAG SPACEBOY DESIGN 
22273,FELTCRAFT DOLL MOLLY
23127,FELTCRAFT GIRL NICOLE KIT
22566,FELTCRAFT HAIRBAND PINK AND PURPLE
22276,WASH BAG VINTAGE ROSE PAISLEY
84828,JUNGLE POPSICLES ICE LOLLY MOULDS
23049,RECYCLED ACAPULCO MAT RED
84279B,CHERRY BLOSSOM DECORATIVE FLASK
35809A,ENAMEL PINK TEA CONTAINER
35810A,ENAMEL PINK COFFEE CONTAINER
22381,TOY TIDY PINK POLKADOT
20903,VINTAGE KEEPSAKE BOX TRAVELOGUE
20902,VINTAGE KEEPSAKE BOX PARIS DAYS
22651,GENTLEMAN SHIRT REPAIR KIT 
21829,DINOSAUR KEYRINGS ASSORTED
20751,FUNKY WASHING UP GLOVES ASSORTED
20658,RED RETROSPOT LUGGAGE TAG
22647,CERAMIC LOVE HEART MONEY BANK
22922,FRIDGE MAGNETS US DINER ASSORTED
48138,DOORMAT UNION FLAG
15044A,PINK PAPER PARASOL 
82580,BATHROOM METAL SIGN
21164,HOME SWEET HOME METAL SIGN 
44242B,PINK FEATHERS CURTAIN
22990,COTTON APRON PANTRY DESIGN
23199,JUMBO BAG APPLES
22278,OVERNIGHT BAG VINTAGE ROSE PAISLEY
82486,WOOD S/3 CABINET ANT WHITE FINISH
48116,DOORMAT MULTICOLOUR STRIPE
22070,SMALL RED RETROSPOT MUG IN BOX 
21877,HOME SWEET HOME MUG
22135,MINI LADLE LOVE HEART PINK
21581,SKULLS  DESIGN  COTTON TOTE BAG
22175,PINK OWL SOFT TOY
84997B,CHILDRENS CUTLERY RETROSPOT RED 
22318,FIVE HEART HANGING DECORATION
84569D,PACK 6 HEART/ICE-CREAM PATCHES
23206,LUNCH BAG APPLE DESIGN
23204,CHARLOTTE BAG APPLES DESIGN
M,Manual
21718,RED METAL BEACH SPADE 
23193,BUFFALO BILL TREASURE BOOK BOX
21340,CLASSIC METAL BIRDCAGE PLANT HOLDER
22169,FAMILY ALBUM WHITE PICTURE FRAME
22191,IVORY DINER WALL CLOCK
22192,BLUE DINER WALL CLOCK
84792,ENCHANTED BIRD COATHANGER 5 HOOK
22702,BLACK AND WHITE CAT BOWL
20984,12 PENCILS TALL TUBE POSY
22798,ANTIQUE GLASS DRESSING TABLE POT
22801,ANTIQUE GLASS PEDESTAL BOWL
22595,GINGHAM HEART DECORATION
22611,VINTAGE UNION JACK SHOPPING BAG
22280,POCKET BAG PINK PAISELY BROWN SPOT
20961,STRAWBERRY BATH SPONGE 
85053,FRENCH ENAMEL CANDLEHOLDER
21756,BATH BUILDING BLOCK WORD
22615,PACK OF 12 CIRCUS PARADE TISSUES 
23255,CHILDRENS CUTLERY CIRCUS PARADE
23256,CHILDRENS CUTLERY SPACEBOY 
21974,SET OF 36 PAISLEY FLOWER DOILIES
84997C,CHILDRENS CUTLERY POLKADOT BLUE
23201,JUMBO BAG ALPHABET
85066,CREAM SWEETHEART MINI CHEST
22639,SET OF 4 NAPKIN CHARMS HEARTS
21128,GOLD FISHING GNOME
20972,PINK CREAM FELT CRAFT TRINKET BOX 
22904,CALENDAR PAPER CUT DESIGN
47344B,BLUE FLOWER DES PURSE
22501,PICNIC BASKET WICKER LARGE
22974,CHILDRENS DOLLY GIRL MUG
37340,MULTICOLOUR SPRING FLOWER MUG
23207,LUNCH BAG ALPHABET DESIGN
23205,CHARLOTTE BAG VINTAGE ALPHABET 
22066,LOVE HEART TRINKET POT
23180,MUM'S KITCHEN CLOCK
21715,GIRLS VINTAGE TIN SEASIDE BUCKET
23208,LUNCH BAG VINTAGE LEAF DESIGN
15044B,BLUE PAPER PARASOL 
15044D,RED PAPER PARASOL
21903,MAN FLU METAL SIGN
21169,YOU'RE CONFUSING ME METAL SIGN 
21905,MORE BUTTER METAL SIGN 
22348,TEA BAG PLATE RED RETROSPOT
22402,MAGNETS PACK OF 4 VINTAGE COLLAGE
21051,RIBBONS PURSE 
21703,BAG 125g SWIRLY MARBLES
21705,BAG 500g SWIRLY MARBLES
23057,BEADED CHANDELIER T-LIGHT HOLDER
23056,FLOWERS CHANDELIER T-LIGHT HOLDER
16014,SMALL CHINESE STYLE SCISSOR
23055,IVORY CHANDELIER T-LIGHT HOLDER
21158,MOODY GIRL DOOR HANGER 
21159,MOODY BOY  DOOR HANGER 
22906,12 MESSAGE CARDS WITH ENVELOPES
23084,RABBIT NIGHT LIGHT
21928,JUMBO BAG SCANDINAVIAN BLUE PAISLEY
72812,LARGE ZINC GLASS CANDLEHOLDER
84800L,LARGE WHITE/PINK ROSE ART FLOWER
79191C,RETRO PLASTIC ELEPHANT TRAY
21078,SET/20 STRAWBERRY PAPER NAPKINS 
16236,KITTY PENCIL ERASERS
21724,PANDA AND BUNNIES STICKER SHEET
16011,ANIMAL STICKERS
79000,MOROCCAN TEA GLASS
23200,JUMBO BAG PEARS
15058C,ICE CREAM DESIGN GARDEN PARASOL
23202,JUMBO BAG VINTAGE LEAF
23203,JUMBO BAG DOILEY PATTERNS
23082,SET 6 PAPER TABLE LANTERN HEARTS 
22530,MAGIC DRAWING SLATE DOLLY GIRL 
84992,72 SWEETHEART FAIRY CAKE CASES
22026,BANQUET BIRTHDAY  CARD  
22028,PENNY FARTHING BIRTHDAY CARD
23209,LUNCH BAG DOILEY PATTERN 
23191,BUNDLE OF 3 RETRO NOTE BOOKS
21039,RED RETROSPOT SHOPPING BAG
82600,NO SINGING METAL SIGN
21907,I'M ON HOLIDAY METAL SIGN
23299,FOOD COVER WITH BEADS SET 2 
84378,SET OF 3 HEART COOKIE CUTTERS
23184,BULL DOG BOTTLE OPENER
22780,LIGHT GARLAND BUTTERFILES PINK
22779,WOODEN OWLS LIGHT GARLAND 
23108,SET OF 10 LED DOLLY LIGHTS
22935,BAKING MOULD ROSE MILK CHOCOLATE
22932,BAKING MOULD TOFFEE CUP CHOCOLATE
23175,REGENCY MILK JUG PINK 
23174,REGENCY SUGAR BOWL GREEN
23173,REGENCY TEAPOT ROSES 
23079,TOADSTOOL BEDSIDE LIGHT 
23170,REGENCY TEA PLATE ROSES 
23192,BUNDLE OF 3 ALPHABET EXERCISE BOOKS
23280,FOLDING BUTTERFLY MIRROR HOT PINK 
22925,BLUE GIANT GARDEN THERMOMETER
47504K,ENGLISH ROSE GARDEN SECATEURS
47504H,ENGLISH ROSE SPIRIT LEVEL 
21114,LAVENDER SCENTED FABRIC HEART
23254,CHILDRENS CUTLERY DOLLY GIRL 
22480,RED TEA TOWEL CLASSIC DESIGN
22915,ASSORTED BOTTLE TOP  MAGNETS 
85032B,BLOSSOM IMAGES GIFT WRAP SET
23160,REGENCY TEA SPOON
23161,REGENCY CAKE FORK
23167,SMALL CERAMIC TOP STORAGE JAR 
23171,REGENCY TEA PLATE GREEN 
23172,REGENCY TEA PLATE PINK
22712,CARD DOLLY GIRL 
23298,SPOTTY BUNTING
21196,ROUND WHITE CONFETTI IN TUBE
90173,PAIR BUTTERFLY HAIR CLIPS
90170,DAISY HAIR BAND
90202D,PINK ENAMEL FLOWER HAIR TIE
23112,PARISIENNE CURIO CABINET
85059,FRENCH ENAMEL WATER BASIN
22803,IVORY EMBROIDERED QUILT 
22902,TOTE BAG I LOVE LONDON
21944,KITTENS DESIGN FLANNEL
23166,MEDIUM CERAMIC TOP STORAGE JAR
22098,BOUDOIR SQUARE TISSUE BOX
22584,PACK OF 6 PANNETONE GIFT BOXES
22561,WOODEN SCHOOL COLOURING SET
21497,FANCY FONTS BIRTHDAY WRAP
21291,SMALL POLKADOT CHOCOLATE GIFT BAG 
22821,GIFT BAG PSYCHEDELIC APPLES
23118,PARISIENNE JEWELLERY DRAWER 
22513,DOORSTOP FOOTBALL DESIGN
21062,PARTY INVITES SPACEMAN
21059,PARTY INVITES DINOSAURS
21061,PARTY INVITES FOOTBALL
22129,PARTY CONES CANDY TREE DECORATION
22380,TOY TIDY SPACEBOY  
22413,METAL SIGN TAKE IT OR LEAVE IT 
23066,SMALL DECO JEWELLERY STAND
23065,LARGE DECO JEWELLERY STAND
23168,CLASSIC CAFE SUGAR DISPENSER
84086C,PINK/PURPLE RETRO RADIO
47341A,FUSCHIA TABLE RUN FLOWER 
47341B,BLUE TABLE RUN FLOWER
21930,JUMBO STORAGE BAG SKULLS
23111,PARISIENNE SEWING BOX
23110,PARISIENNE KEY CABINET 
85017B,ENVELOPE 50 BLOSSOM IMAGES
21747,SMALL SKULL WINDMILL
21934,SKULL SHOULDER BAG
21408,SPOTTY PINK DUCK DOORSTOP
71459,HANGING JAM JAR T-LIGHT HOLDER
21770,OPEN CLOSED METAL SIGN
22360,GLASS JAR ENGLISH CONFECTIONERY
22363,GLASS JAR MARMALADE 
22845,VINTAGE CREAM CAT FOOD CONTAINER
16161G,WRAP BAD HAIR DAY
84755,COLOUR GLASS T-LIGHT HOLDER HANGING
84077,WORLD WAR 2 GLIDERS ASSTD DESIGNS
23210,WHITE ROCKING HORSE HAND PAINTED
23213,STAR WREATH DECORATION WITH BELL
23212,HEART WREATH DECORATION WITH BELL
23169,CLASSIC GLASS COOKIE JAR
22965,3 TRADITIONAl BISCUIT CUTTERS  SET
23219,LAUREL STAR ANTIQUE SILVER 
23224,CHERUB HEART DECORATION GOLD
23221,REINDEER HEART DECORATION SILVER
22944,CHRISTMAS METAL POSTCARD WITH BELLS
21809,CHRISTMAS HANGING TREE WITH BELL
35953,FOLKART STAR CHRISTMAS DECORATIONS
35961,FOLKART ZINC HEART CHRISTMAS DEC
22998,TRAVEL CARD WALLET KEEP CALM
23309,SET OF 60 I LOVE LONDON CAKE CASES 
20711,JUMBO BAG TOYS 
22650,CERAMIC PIRATE CHEST MONEY BANK
23182,TOILET SIGN OCCUPIED OR VACANT
21828,EIGHT PIECE SNAKE  SET
84849B,FAIRY SOAP SOAP HOLDER
21973,SET OF 36 MUSHROOM PAPER DOILIES
21588,RETROSPOT GIANT TUBE MATCHES
22112,CHOCOLATE HOT WATER BOTTLE
22900,SET 2 TEA TOWELS I LOVE LONDON 
23284,DOORMAT KEEP CALM AND COME IN
22150,3 STRIPEY MICE FELTCRAFT
22147,FELTCRAFT BUTTERFLY HEARTS
22498,WOODEN REGATTA BUNTING
21933,PINK VINTAGE PAISLEY PICNIC BAG
21932,SCANDINAVIAN PAISLEY PICNIC BAG
22664,TOY TIDY DOLLY GIRL DESIGN
72586,SET OF 6 HALLOWEEN GHOST T-LIGHTS
23006,TRAVEL CARD WALLET FLOWER MEADOW
23003,TRAVEL CARD WALLET VINTAGE ROSE 
22994,TRAVEL CARD WALLET RETROSPOT
22674,FRENCH TOILET SIGN BLUE METAL
22473,TV DINNER TRAY VINTAGE PAISLEY
22660,DOORMAT I LOVE LONDON
22426,ENAMEL WASH BOWL CREAM
85054,FRENCH ENAMEL POT W LID
23147,SINGLE ANTIQUE ROSE HOOK IVORY
22179,SET 10 NIGHT OWL LIGHTS
22436,12 COLOURED PARTY BALLOONS
47422,ASSORTED MONKEY SUCTION CUP HOOK
85032A,ROMANTIC IMAGES GIFT WRAP SET
85159B,"WHITE TEA,COFFEE,SUGAR JARS"
21990,MODERN FLORAL STATIONERY SET
85099C,JUMBO  BAG BAROQUE BLACK WHITE
23236,DOILEY STORAGE TIN
23240,SET OF 4 KNICK KNACK TINS DOILEY 
23243,SET OF TEA COFFEE SUGAR TINS PANTRY
23242,TREASURE TIN BUFFALO BILL 
23245,SET OF 3 REGENCY CAKE TINS
23307,SET OF 60 PANTRY DESIGN CAKE CASES 
23253,16 PIECE CUTLERY SET PANTRY DESIGN
84663A,GRASS HOPPER WOODEN WALL CLOCK 
23244,ROUND STORAGE TIN VINTAGE LEAF
23237,SET OF 4 KNICK KNACK TINS LEAVES 
23235,STORAGE TIN VINTAGE LEAF
23239,SET OF 4 KNICK KNACK TINS POPPIES
23275,SET OF 3 HANGING OWLS OLLIE BEAK
23306,SET OF 36 DOILIES PANTRY DESIGN
23308,SET OF 60 VINTAGE LEAF CAKE CASES 
21749,LARGE RED RETROSPOT WINDMILL
22430,ENAMEL WATERING CAN CREAM
23190,BUNDLE OF 3 SCHOOL EXERCISE BOOKS  
85088,CANDY SPOT HAND BAG
84568,GIRLS ALPHABET IRON ON PATCHES 
20755,BLUE PAISLEY POCKET BOOK
20761,BLUE PAISLEY SKETCHBOOK
20767,BLUE PAISLEY JOURNAL 
23165,LARGE CERAMIC TOP STORAGE JAR
22457,NATURAL SLATE HEART CHALKBOARD 
23287,RED VINTAGE SPOT BEAKER
21993,FLORAL FOLK STATIONERY SET
21207,SKULL AND CROSSBONES  GARLAND 
40046A,RED DAISY PAPER LAMPSHADE
90204,PAIR OF ENAMEL BUTTERFLY HAIRCLIP
21948,SET OF 6 CAKE CHOPSTICKS
21878,PACK OF 6 SANDCASTLE FLAGS ASSORTED
22232,JIGSAW TOADSTOOLS 3 PIECE
47593B,SCOTTIE DOGS BABY BIB
23241,TREASURE TIN GYMKHANA DESIGN
23289,DOLLY GIRL CHILDRENS BOWL
23290,SPACEBOY CHILDRENS BOWL
23292,SPACEBOY CHILDRENS CUP
23291,DOLLY GIRL CHILDRENS CUP
22705,WRAP GREEN PEARS 
22317,FIVE CATS HANGING DECORATION
23285,PINK VINTAGE SPOT BEAKER
23286,BLUE VINTAGE SPOT BEAKER
23288,GREEN VINTAGE SPOT BEAKER
23234,BISCUIT TIN VINTAGE CHRISTMAS
16218,CARTOON  PENCIL SHARPENERS
21401,BLUE PUDDING SPOON
21403,BLUE EGG  SPOON
21562,HAWAIIAN GRASS SKIRT 
84212,"ASSORTED FLOWER COLOUR ""LEIS"""
23121,PACK OF 6 COCKTAIL PARASOL STRAWS
23120,PACK OF 6 SMALL FRUIT STRAWS
23237,SET OF 4 KNICK KNACK TINS LEAF
23264,SET OF 3 WOODEN SLEIGH DECORATIONS
23266,SET OF 3 WOODEN STOCKING DECORATION
23318,BOX OF 6 MINI VINTAGE CRACKERS
23320,GIANT 50'S CHRISTMAS CRACKER
23319,BOX OF 6 MINI 50'S CRACKERS
22812,PACK 3 BOXES CHRISTMAS PANNETONE
23238,SET OF 4 KNICK KNACK TINS LONDON 
23197,SKETCHBOOK MAGNETIC SHOPPING LIST
23198,PANTRY MAGNETIC  SHOPPING LIST
22208,WOOD STAMP SET THANK YOU
22209,WOOD STAMP SET HAPPY BIRTHDAY
22210,WOOD STAMP SET BEST WISHES
21576,LETS GO SHOPPING COTTON TOTE BAG
21056,DOCTOR'S BAG SOFT TOY
21380,WOODEN HAPPY BIRTHDAY GARLAND
21224,SET/4 SKULL BADGES
84929,ASSTD FRUIT+FLOWERS FRIDGE MAGNETS
84818,DANISH ROSE PHOTO FRAME
23186,FRENCH STYLE STORAGE JAR CAFE 
22094,RED RETROSPOT TISSUE BOX
22093,MOTORING TISSUE BOX
47591D,PINK FAIRY CAKE CHILDRENS APRON
22938,CUPCAKE LACE PAPER SET 6
23295,SET OF 12 MINI LOAF BAKING CASES
23293,SET OF 12 FAIRY CAKE BAKING CASES
23296,SET OF 6 TEA TIME BAKING CASES
23294,SET OF 6 SNACK LOAF BAKING CASES
23032,DRAWER KNOB CRACKLE GLAZE IVORY
23018,LARGE APOTHECARY MEASURING JAR 
23017,APOTHECARY MEASURING JAR
23019,SMALL APOTHECARY MEASURING JAR 
21311,SET/4 BIRD MIRROR MAGNETS 
21374,MIRRORED WALL ART SKULLS
21371,MIRRORED WALL ART POPPIES
71279,PINK GLASS CANDLEHOLDER
20696,FLORAL SOFT CAR TOY
84931A,PINK SCOTTIE DOG W FLOWER PATTERN
84569A,PACK 3 IRON ON DOG PATCHES
21741,COSY SLIPPER SHOES LARGE GREEN
21739,COSY SLIPPER SHOES SMALL GREEN
84031B,CHARLIE LOLA BLUE HOT WATER BOTTLE 
84032A,CHARLIE+LOLA PINK HOT WATER BOTTLE
22252,BIRDCAGE DECORATION TEALIGHT HOLDER
84510A,SET OF 4 ENGLISH ROSE COASTERS
22831,WHITE BROCANTE SOAP DISH
23196,VINTAGE LEAF MAGNETIC NOTEPAD
20652,BLUE POLKADOT LUGGAGE TAG 
22697,GREEN REGENCY TEACUP AND SAUCER
23089,GLASS BON BON JAR
22999,TRAVEL CARD WALLET VINTAGE LEAF
23232,WRAP VINTAGE LEAF DESIGN
21534,DAIRY MAID LARGE MILK JUG
23092,LARGE ANTIQUE WHITE PHOTO FRAME
23027,DRAWER KNOB VINTAGE GLASS HEXAGON
23025,DRAWER KNOB VINTAGE GLASS BALL
23028,DRAWER KNOB CRACKLE GLAZE BLUE
23026,DRAWER KNOB VINTAGE GLASS STAR
23029,DRAWER KNOB CRACKLE GLAZE GREEN
23031,DRAWER KNOB CRACKLE GLAZE PINK
23035,DRAWER KNOB CERAMIC IVORY
23033,DRAWER KNOB CERAMIC RED
23196,RETRO LEAVES MAGNETIC NOTEPAD
23263,SET OF 3 WOODEN HEART DECORATIONS
23268,SET OF 2 CERAMIC CHRISTMAS REINDEER
20707,CRAZY DAISY HEART DECORATION
22839,3 TIER CAKE TIN GREEN AND CREAM
22196,SMALL HEART MEASURING SPOONS
23229,VINTAGE DONKEY TAIL GAME 
22181,SNOWSTORM PHOTO FRAME FRIDGE MAGNET
22042,CHRISTMAS CARD SINGING ANGEL
22044,CHRISTMAS CARD STACK OF PRESENTS
23013,GLASS APOTHECARY BOTTLE TONIC
23014,GLASS APOTHECARY BOTTLE ELIXIR
23012,GLASS APOTHECARY BOTTLE PERFUME
23020,GLASS  SONGBIRD STORAGE JAR
23317,BLUE REFECTORY CLOCK 
23073,GEORGIAN TRINKET BOX
84976,RECTANGULAR SHAPED MIRROR
22441,GROW YOUR OWN BASIL IN ENAMEL MUG
22429,ENAMEL MEASURING JUG CREAM
22110,BIRD HOUSE HOT WATER BOTTLE
84944,SET OF 6 KASHMIR FOLKART BAUBLES
22325,MOBILE VINTAGE HEARTS 
11001,ASSTD DESIGN RACING CAR PEN
85136C,RED SHARK HELICOPTER
23250,VINTAGE RED TRIM ENAMEL BOWL 
23249,VINTAGE RED ENAMEL TRIM PLATE
23252,VINTAGE RED ENAMEL TRIM JUG 
23545,WRAP RED DOILEY
23547,WRAP FLOWER SHOP  
23549,WRAP BIRD GARDEN 
23548,WRAP MAGIC FOREST 
23550,WRAP ALPHABET POSTER  
23034,DRAWER KNOB CERAMIC BLACK
23251,VINTAGE RED ENAMEL TRIM MUG 
22622,BOX OF VINTAGE ALPHABET BLOCKS
16156L,WRAP CAROUSEL
21205,MULTICOLOUR 3D BALLS GARLAND
22315,200 RED + WHITE BENDY STRAWS
22390,PAPERWEIGHT CHILDHOOD MEMORIES
22393,PAPERWEIGHT VINTAGE COLLAGE
22469,HEART OF WICKER SMALL
23321,SMALL WHITE HEART OF WICKER
23134,LARGE ZINC HEART WALL ORGANISER
23297,SET 40 HEART SHAPE PETIT FOUR CASES
21197,MULTICOLOUR  CONFETTI IN TUBE
20997,ROSE DU SUD CUSHION COVER 
84970L,SINGLE HEART ZINC T-LIGHT HOLDER
84970S,HANGING HEART ZINC T-LIGHT HOLDER
84978,HANGING HEART JAR T-LIGHT HOLDER
21666,RIDGED GLASS T-LIGHT HOLDER
22791,T-LIGHT GLASS FLUTED ANTIQUE
84946,ANTIQUE SILVER T-LIGHT GLASS
21735,TWO DOOR CURIO CABINET
85161,ACRYLIC GEOMETRIC LAMP
15058A,BLUE POLKADOT GARDEN PARASOL
15058B,PINK POLKADOT GARDEN PARASOL
84819,DANISH ROSE ROUND SEWING BOX
21358,TOAST ITS - HAPPY BIRTHDAY
47578A,ENGLISH ROSE SMALL SCENTED FLOWER
21544,SKULLS  WATER TRANSFER TATTOOS 
84874B,BLUE TRAVEL FIRST AID KIT
85071A,BLUE CHARLIE+LOLA PERSONAL DOORSIGN
23346,SPACEBOY BEAKER
22277,COSMETIC BAG VINTAGE ROSE PAISLEY
23344,JUMBO BAG 50'S CHRISTMAS 
23119,PACK OF 6 LARGE FRUIT STRAWS 
22603,CHRISTMAS RETROSPOT TREE WOOD
23311,VINTAGE CHRISTMAS STOCKING 
23008,DOLLY GIRL BABY GIFT SET
23345, DOLLY GIRL BEAKER
23316,RED REFECTORY CLOCK 
22939,ADULT APRON APPLE DELIGHT
23273,HEART T-LIGHT HOLDER WILLIE WINKIE
23272,TREE T-LIGHT HOLDER WILLIE WINKIE
23274,STAR T-LIGHT HOLDER WILLIE WINKIE
23145,ZINC T-LIGHT HOLDER STAR LARGE
23144,ZINC T-LIGHT HOLDER STARS SMALL
23265,SET OF 3 WOODEN TREE DECORATIONS
22086,PAPER CHAIN KIT 50'S CHRISTMAS 
23122,PARTY CHARMS 50 PIECES
23080,RED METAL BOX TOP SECRET
22142,CHRISTMAS CRAFT WHITE FAIRY 
22945,CHRISTMAS METAL TAGS ASSORTED 
23247,BISCUIT TIN 50'S CHRISTMAS
21246,RED RETROSPOT BIG BOWL
23269,SET OF 2 CERAMIC CHRISTMAS TREES
90070,RUBY GLASS CLUSTER BRACELET
21710,FOLDING UMBRELLA PINKWHITE POLKADOT
22930,BAKING MOULD HEART MILK CHOCOLATE
22608,PENS ASSORTED FUNKY JEWELED 
22375,AIRLINE BAG VINTAGE JET SET BROWN
22374,AIRLINE BAG VINTAGE JET SET RED
21289,LARGE STRIPES CHOCOLATE GIFT BAG
37449,CERAMIC CAKE STAND + HANGING CAKES
22211,WOOD STAMP SET FLOWERS
21642,ASSORTED TUTTI FRUTTI PEN
23203,JUMBO BAG VINTAGE DOILY 
23343,JUMBO BAG VINTAGE CHRISTMAS 
23176,ABC TREASURE BOOK BOX 
22483,RED GINGHAM TEDDY BEAR 
23353,6 GIFT TAGS VINTAGE CHRISTMAS 
23354,6 GIFT TAGS 50'S CHRISTMAS 
23360,SET 8 CANDLES VINTAGE DOILY
23375,50'S CHRISTMAS PAPER GIFT BAG
23236,STORAGE TIN VINTAGE DOILY 
20796,SMALL BLUE PROVENCAL CERAMIC BALL
22544,MINI JIGSAW SPACEBOY
21208,PASTEL COLOUR HONEYCOMB FAN
21209,MULTICOLOUR HONEYCOMB FAN
21194,PINK  HONEYCOMB PAPER FAN
21650,ASSORTED TUTTI FRUTTI BRACELET
84006,MAGIC TREE -PAPER FLOWERS
22734,SET OF 6 RIBBONS VINTAGE CHRISTMAS
22955,36 FOIL STAR CAKE CASES 
23189,SET OF 12 FORK CANDLES
16259,PIECE OF CAMO STATIONERY SET
22610,PENS ASSORTED FUNNY FACE
20992,JAZZ HEARTS PURSE NOTEBOOK
84859C,PINK DISCO HANDBAG
23240,SET OF 4 KNICK KNACK TINS DOILY 
21683,MEDIUM MEDINA STAMPED METAL BOWL 
23211,RED ROCKING HORSE HAND PAINTED
22739,RIBBON REEL CHRISTMAS SOCK BAUBLE
22737,RIBBON REEL CHRISTMAS PRESENT 
16169E,WRAP 50'S  CHRISTMAS
84931B,BLUE SCOTTIE DOG W FLOWER PATTERN
35598B,BLACK CHRISTMAS TREE 60CM
35599B,BLACK CHRISTMAS TREE 120CM
21494,ROTATING LEAVES T-LIGHT HOLDER
84687,BEACH HUT SHELF W 3 DRAWERS
21524,DOORMAT SPOTTY HOME SWEET HOME
48173C,DOORMAT BLACK FLOCK 
48194,DOORMAT HEARTS
23107,WHITE HEARTS WIRE PLANT POT HOLDER
22193,RED DINER WALL CLOCK
23146,TRIPLE HOOK ANTIQUE IVORY ROSE
22207,FRYING PAN UNION FLAG
23094,LE GRAND TRAY CHIC SET
22840,ROUND CAKE TIN VINTAGE RED
21471,STRAWBERRY RAFFIA FOOD COVER
21467,CHERRY CROCHET FOOD COVER
84968E,SET OF 16 VINTAGE BLACK CUTLERY
22304,COFFEE MUG BLUE PAISLEY DESIGN
20772,GARDEN PATH JOURNAL
23373,VINTAGE CHRISTMAS PAPER GIFT BAG
23374,RED SPOT PAPER GIFT BAG
23437, 50'S CHRISTMAS GIFT BAG LARGE
23433,HANGING QUILTED PATCHWORK APPLES
23438, RED SPOT GIFT BAG LARGE
23436,VINTAGE CHRISTMAS GIFT BAG LARGE 
22698,PINK REGENCY TEACUP AND SAUCER
22699,ROSES REGENCY TEACUP AND SAUCER 
22041,"RECORD FRAME 7"" SINGLE SIZE "
22569,FELTCRAFT CUSHION BUTTERFLY
22085,PAPER CHAIN KIT SKULLS 
22197,POPCORN HOLDER
21908,CHOCOLATE THIS WAY METAL SIGN
21899,GARAGE KEY FOB
16169K,WRAP FOLK ART
22673,FRENCH GARDEN SIGN BLUE METAL
16258A,SWIRLY CIRCULAR RUBBERS IN BAG
22035,VINTAGE CARAVAN GREETING CARD 
22371,AIRLINE BAG VINTAGE TOKYO 78
22372,AIRLINE BAG VINTAGE WORLD CHAMPION 
15039,SANDALWOOD FAN
84806B,WHITE CANDYSTUFT ARTIFICIAL FLOWER
84806A,PINK CANDYSTUFT ARTIFICIAL FLOWER
22941,CHRISTMAS LIGHTS 10 REINDEER
22187,GREEN CHRISTMAS TREE CARD HOLDER
20774,GREEN FERN NOTEBOOK
22099,CARAVAN SQUARE TISSUE BOX
23328,SET 6 SCHOOL MILK BOTTLES IN CRATE
22324,BLUE POLKADOT KIDS BAG
22755,SMALL PURPLE BABUSHKA NOTEBOOK 
16045,POPART WOODEN PENCILS ASST
23231,WRAP  VINTAGE DOILY 
23380,PACK OF 12 VINTAGE DOILY TISSUES
23403,LETTER HOLDER HOME SWEET HOME
23404,HOME SWEET HOME BLACKBOARD
22586,FELTCRAFT HAIRBAND PINK AND BLUE
23228,FILIGREE HEART BIRD WHITE 
23226,FILIGREE HEART DAISY WHITE
23326,HANGING MINI COLOURED BOTTLES
23323,WHITE WICKER STAR 
23322,LARGE WHITE HEART OF WICKER
23432,PRETTY HANGING QUILTED HEARTS
23431,NATURAL HANGING QUILTED HEARTS 
21402,RED  EGG  SPOON
22890,NOVELTY BISCUITS CAKE STAND 3 TIER
22953,BIRTHDAY PARTY CORDON BARRIER TAPE
84950,ASSORTED COLOUR T-LIGHT HOLDER
23086,ZINC  STAR T-LIGHT HOLDER 
23087,ZINC  HEART T-LIGHT HOLDER
23401,RUSTIC MIRROR WITH LACE HEART
23400,SHELF WITH 4 HOOKS HOME SWEET HOME
23407,SET OF 2 TRAYS HOME SWEET HOME
23425,STORAGE TIN HOME SWEET HOME
23423,PANTRY 3 HOOK ROLLING PIN HANGER
21277,FRENCH STYLE EMBOSSED HEART CABINET
23424,GINGHAM RECIPE BOOK BOX
23377,PACK OF 12 DOLLY GIRL TISSUES
23445,ICE CREAM BUBBLES
23388,WOODLAND MINI BACKPACK
23559,WOODLAND BUNNIES LOLLY MAKERS
22632,HAND WARMER RED RETROSPOT
22985,WRAP BILLBOARD FONTS DESIGN
21495,SKULLS AND CROSSBONES WRAP
23391, I LOVE LONDON MINI BACKPACK
21708,FOLDING UMBRELLA CREAM POLKADOT
23545,WRAP RED VINTAGE DOILY
15034,PAPER POCKET TRAVELING FAN 
35970,ZINC FOLKART SLEIGH BELLS
23389,SPACEBOY MINI BACKPACK
23551,PACK OF 12 PAISLEY PARK TISSUES 
51014C,"FEATHER PEN,COAL BLACK"
23313,VINTAGE CHRISTMAS BUNTING
35599D,PINK AND WHITE CHRISTMAS TREE 120CM
35471D,SET OF 3 BIRD LIGHT PINK FEATHER 
22476,EMPIRE UNION JACK TV DINNER TRAY
23209,LUNCH BAG VINTAGE DOILY 
21755,LOVE BUILDING BLOCK WORD
21754,HOME BUILDING BLOCK WORD
23421,PANTRY HOOK SPATULA
23422,PANTRY HOOK BALLOON WHISK 
85183A,CHARLIE & LOLA WASTEPAPER BIN BLUE
23113,PANTRY CHOPPING BOARD
21014,SWISS CHALET TREE DECORATION 
35954,SMALL FOLKART STAR CHRISTMAS DEC
85032D,YULETIDE IMAGES GIFT WRAP SET
23355,HOT WATER BOTTLE KEEP CALM
90160A,PURPLE BOUDICCA LARGE BRACELET
90160D,PINK BOUDICCA LARGE BRACELET
90160B,RED BOUDICCA LARGE BRACELET
90160C,TURQ+RED BOUDICCA LARGE BRACELET
90161B,ANT COPPER TURQ BOUDICCA BRACELET
90161C,ANT COPPER LIME BOUDICCA BRACELET
90161D,ANT COPPER PINK BOUDICCA BRACELET
90201B,BLACK ENAMEL FLOWER RING
90201D,GREEN ENAMEL FLOWER RING
90201A,PURPLE ENAMEL FLOWER RING
90201C,RED ENAMEL FLOWER RING
22512,DOORSTOP RACING CAR DESIGN
90030B,RED KUKUI COCONUT SEED NECKLACE
90030A,SPOTTED WHITE NATURAL SEED NECKLACE
90031,BILI NUT AND WOOD NECKLACE
90030C,BROWN KUKUI COCONUT SEED NECKLACE
23367,SET 12 COLOUR PENCILS SPACEBOY 
22119,PEACE WOODEN BLOCK LETTERS
23215,JINGLE BELL HEART ANTIQUE SILVER
22832,BROCANTE SHELF WITH HOOKS
23546,WRAP PAISLEY PARK 
82582,AREA PATROLLED METAL SIGN
23515,EMBROIDERED RIBBON REEL DAISY 
23518,EMBROIDERED RIBBON REEL RACHEL 
23513,EMBROIDERED RIBBON REEL SUSIE 
23517,EMBROIDERED RIBBON REEL REBECCA 
23520,EMBROIDERED RIBBON REEL RUBY 
23508,MINI PLAYING CARDS DOLLY GIRL 
23502,PLAYING CARDS VINTAGE DOILY 
23493,VINTAGE DOILY TRAVEL SEWING KIT
23395,BELLE JARDINIERE CUSHION COVER
22186,RED STAR CARD HOLDER
23494,VINTAGE DOILY DELUXE SEWING KIT 
23366,SET 12 COLOURING PENCILS DOILY
23365,SET 12 COLOUR PENCILS LOVE LONDON
23434,3 RAFFIA RIBBONS 50'S CHRISTMAS 
23378,PACK OF 12 50'S CHRISTMAS TISSUES
22130,PARTY CONE CHRISTMAS DECORATION 
23379,PACK OF 12 RED APPLE TISSUES
23342,MINT DINER WALL CLOCK
23115,RED APPLES CHOPPING BOARD   
23368,SET 12 COLOUR PENCILS DOLLY GIRL 
21723,ALPHABET HEARTS STICKER SHEET
23396,LA JARDIN BOTANIQUE CUSHION COVER
78033,FLAG OF ST GEORGE CHAIR
23427,STOOL HOME SWEET HOME 
23510,MINI PLAYING CARDS GYMKHANA
23507,MINI PLAYING CARDS BUFFALO BILL 
21427,SKULLS STORAGE BOX SMALL
22546,MINI JIGSAW PURDEY
22543,MINI JIGSAW BAKE A CAKE 
22541,MINI JIGSAW LEAP FROG
22548,HEADS AND TAILS SPORTING FUN
84509E,SET OF 4 CAROUSEL PLACEMATS 
84509C,SET OF 4 POLKADOT PLACEMATS 
84509A,SET OF 4 ENGLISH ROSE PLACEMATS
21832,CHOCOLATE CALCULATOR
23348,CHILDRENS TOY COOKING UTENSIL SET
85183B,CHARLIE & LOLA WASTEPAPER BIN FLORA
23500,KEY RING BASEBALL BOOT ASSORTED 
23506,MINI PLAYING CARDS SPACEBOY 
21773,DECORATIVE ROSE BATHROOM BOTTLE
21775,DECORATIVE FLORE BATHROOM BOTTLE
22362,GLASS JAR PEACOCK BATH SALTS
23419,HOME SWEET HOME BOTTLE 
84997A,CHILDRENS CUTLERY POLKADOT GREEN 
22670,FRENCH WC SIGN BLUE METAL
22672,FRENCH BATHROOM SIGN BLUE METAL
23406,HOME SWEET HOME KEY HOLDER
82486,3 DRAWER ANTIQUE WHITE WOOD CABINET
82578,KITCHEN METAL SIGN
21555,CERAMIC STRAWBERRY TRINKET TRAY
22588,CARD HOLDER GINGHAM HEART
16008,SMALL FOLDING SCISSOR(POINTED EDGE)
23392,SPACEBOY ROCKET LOLLY MAKERS
90087,CRYSTAL SEA HORSE PHONE CHARM
35964,FOLKART CLIP ON STARS
21015,DARK BIRD HOUSE TREE DECORATION
22336,DOVE DECORATION PAINTED ZINC 
23483,HANGING  BUTTERFLY T-LIGHT HOLDER
23540,WALL ART THE MAGIC FOREST 
23542,WALL ART 70'S ALPHABET 
22338,STAR DECORATION PAINTED ZINC 
22539,MINI JIGSAW DOLLY GIRL
22274,FELTCRAFT DOLL EMILY
23390,DOLLY GIRL MINI BACKPACK
23351,ROLL WRAP 50'S CHRISTMAS
23075,PARLOUR CERAMIC WALL HOOK
23148,MINIATURE ANTIQUE ROSE HOOK IVORY
23514,EMBROIDERED RIBBON REEL SALLY 
21624,VINTAGE UNION JACK DOORSTOP
22576,SWALLOW WOODEN CHRISTMAS DECORATION
22405,MONEY BOX POCKET MONEY DESIGN
22947,WOODEN ADVENT CALENDAR RED
23402,HOME SWEET HOME 3 PEG HANGER 
23396,LE JARDIN BOTANIQUE CUSHION COVER
23393,HOME SWEET HOME CUSHION COVER 
22689,DOORMAT MERRY CHRISTMAS RED 
21284,RETROSPOT CANDLE  SMALL
22466,FAIRY TALE COTTAGE NIGHT LIGHT
22164,STRING OF STARS CARD HOLDER
23310,BUBBLEGUM RING ASSORTED
20766,GARDEN PATH SKETCHBOOK
23040,PAPER LANTERN 9 POINT SNOW STAR 
16054,POPART RECT PENCIL SHARPENER ASST
47518F,ICON PLACEMAT POP ART ELVIS
22032,BOTANICAL LILY GREETING CARD
84251G,"GREETING CARD, OVERCROWDED POOL."
85015,SET OF 12  VINTAGE POSTCARD SET
35819P,"ACRYLIC HANGING JEWEL,PINK"
22307,GOLD MUG BONE CHINA TREE OF LIFE
22909,SET OF 20 VINTAGE CHRISTMAS NAPKINS
23271,CHRISTMAS TABLE SILVER CANDLE SPIKE
84926D,LA PALMIERA TILE COASTER
85032C,CURIOUS IMAGES GIFT WRAP SET
85130B,BEADED CRYSTAL HEART GREEN LARGE
22376,AIRLINE BAG VINTAGE JET SET WHITE
84913B,MINT GREEN ROSE TOWEL
23048,SET OF 10 LANTERNS FAIRY LIGHT STAR
70007,HI TEC ALPINE HAND WARMER
72816,SET/3 CHRISTMAS DECOUPAGE CANDLES
85049A,TRADITIONAL CHRISTMAS RIBBONS
22731,3D CHRISTMAS STAMPS STICKERS 
22733,3D TRADITIONAL CHRISTMAS STICKERS
22049,WRAP CHRISTMAS SCREEN PRINT
22296,HEART IVORY TRELLIS LARGE
22339,CHRISTMAS TREE PAINTED ZINC 
23222,CHRISTMAS TREE HANGING GOLD
23382,BOX OF 6 CHRISTMAS CAKE DECORATIONS
22986,WRAP GINGHAM ROSE 
22946,WOODEN ADVENT CALENDAR CREAM
23410,CURIO CABINET LINEN AND LACE 
84029G,KNITTED UNION FLAG HOT WATER BOTTLE
23702,High Resolution Image
23511,EMBROIDERED RIBBON REEL EMILY 
23512,EMBROIDERED RIBBON REEL ROSIE
23350,ROLL WRAP VINTAGE SPOT 
21704,BAG 250g SWIRLY MARBLES
22714,CARD BIRTHDAY COWBOY
23021,GLASS BONNE JAM JAR
22749,FELTCRAFT PRINCESS CHARLOTTE DOLL
22750,FELTCRAFT PRINCESS LOLA DOLL
22246,MAGIC GARDEN FELT GARLAND 
21615,4 LAVENDER BOTANICAL DINNER CANDLES
21620,SET OF 4 ROSE BOTANICAL CANDLES
22114,HOT WATER BOTTLE TEA AND SYMPATHY
23104,IVORY CAFE HANGING LAMP 
23356,LOVE HOT WATER BOTTLE
23571,TRADITIONAL NAUGHTS & CROSSES
23157,SET OF 6 NATIVITY MAGNETS 
23349,ROLL WRAP VINTAGE CHRISTMAS
22691,DOORMAT WELCOME SUNRISE
22776,SWEETHEART 3 TIER CAKE STAND 
21232,STRAWBERRY CERAMIC TRINKET POT
22736,RIBBON REEL MAKING SNOWMEN 
22738,RIBBON REEL SNOWY VILLAGE
23476,WOODLAND LARGE RED FELT HEART
23480,MINI LIGHTS WOODLAND MUSHROOMS
23474,WOODLAND SMALL BLUE FELT HEART
23570,TRADITIONAL PICK UP STICKS GAME 
23358,HOT STUFF HOT WATER BOTTLE
84600,NEW BAROQUE JEWELLERY BOX 
23566,EGG CUP MILKMAID HEIDI
23564,EGG CUP MILKMAID INGRID
23459,DOLLY CABINET 2 DRAWERS 
23414,ZINC BOX SIGN HOME
23090,VINTAGE GLASS T-LIGHT HOLDER
23037,CANDLE HOLDER SILVER MADELINE
84836,ZINC METAL HEART DECORATION
20846,ZINC HEART LATTICE T-LIGHT HOLDER
23569,TRADTIONAL ALPHABET STAMP SET
22163,HEART STRING MEMO HOLDER HANGING
23439,HAND WARMER RED LOVE HEART
23347,I LOVE LONDON BEAKER
23100,SILVER BELLS TABLE DECORATION
23101,SILVER STARS TABLE DECORATION
23102,SILVER HEARTS TABLE DECORATION
23475,WOODLAND SMALL PINK FELT HEART
23473,WOODLAND SMALL RED FELT HEART
22732,3D VINTAGE CHRISTMAS STICKERS 
21264,WHITE GOOSE FEATHER TREE 60CM 
23489,VINTAGE BELLS GARLAND
23582,VINTAGE DOILY JUMBO BAG RED 
23485,BOTANICAL GARDENS WALL CLOCK 
21506,"FANCY FONT BIRTHDAY CARD, "
22717,CARD DOG AND BALL 
85061W,WHITE JEWELLED HEART DECORATION
72817,SET OF 2 CHRISTMAS DECOUPAGE CANDLE
21811,HANGING HEART WITH BELL
22688,DOORMAT PEACE ON EARTH BLUE
23583,LUNCH BAG PAISLEY PARK  
23581,JUMBO BAG PAISLEY PARK
22866,HAND WARMER SCOTTY DOG DESIGN
21355,TOAST ITS - I LOVE YOU 
22201,FRYING PAN BLUE POLKADOT
21462,"NURSERY A,B,C PAINTED LETTERS"
22057,CERAMIC PLATE STRAWBERRY DESIGN
22061,LARGE CAKE STAND  HANGING STRAWBERY
79051A,SMOKEY GREY COLOUR GLASS
47310M,SMALL POP BOX FUNKY MONKEY
23369,SET 36 COLOUR PENCILS LOVE LONDON
23558,LANDMARK FRAME LONDON BRIDGE 
23283,DOORMAT VINTAGE LEAF
23516,EMBROIDERED RIBBON REEL SOPHIE  
23505,PLAYING CARDS I LOVE LONDON 
23497,CLASSIC CHROME BICYCLE BELL 
23534,WALL ART STOP FOR TEA 
23531,WALL ART BIG LOVE 
22529,MAGIC DRAWING SLATE GO TO THE FAIR 
21262,WHITE GOOSE FEATHER CHRISTMAS TREE 
84032B,CHARLIE + LOLA RED HOT WATER BOTTLE
23681,LUNCH BAG RED VINTAGE DOILY
23695,DOILY THANK YOU CARD
23499,SET 12 VINTAGE DOILY CHALK 
22075,6 RIBBONS ELEGANT CHRISTMAS 
22735,RIBBON REEL SOCKS AND MITTENS
22129,PARTY CONES CANDY DECORATION
22100,SKULLS SQUARE TISSUE BOX
21707,FOLDING UMBRELLA BLACKBLUE POLKADOT
35598D,PINK/WHITE CHRISTMAS TREE 60CM
21123,SET/10 IVORY POLKADOT PARTY CANDLES
84598,BOYS ALPHABET IRON ON PATCHES
22835,HOT WATER BOTTLE I AM SO POORLY
23357,HOT WATER BOTTLE SEX BOMB
85163A,WHITE BAROQUE WALL CLOCK 
21682,LARGE MEDINA STAMPED METAL BOWL 
84820,DANISH ROSE TRINKET TRAYS
21415,CLAM SHELL SMALL 
21292,SMALL STRIPES CHOCOLATE GIFT BAG 
22584,PACK OF 6 PANETTONE GIFT BOXES
23598,PAPER BUNTING VINTAGE PARTY
23430,BLUE RETRO KITCHEN WALL CLOCK
23429,RED RETRO KITCHEN WALL CLOCK
23428,IVORY RETRO KITCHEN WALL CLOCK
23565,EGG CUP MILKMAID HELGA 
23568,EGG CUP HENRIETTA HEN CREAM 
22409,MONEY BOX BISCUITS DESIGN
22097,SWALLOW SQUARE TISSUE BOX
21034,REX CASH+CARRY JUMBO SHOPPER
22031,BOTANICAL LAVENDER BIRTHDAY CARD
22853,CAT BOWL VINTAGE CREAM
22852,DOG BOWL VINTAGE CREAM
21293,MIRRORED DOVE WALL DECORATION
23462,ROCOCO WALL MIRROR WHITE
85127,SMALL SQUARE CUT GLASS CANDLESTICK
23543,WALL ART KEEP CALM 
23535,WALL ART BICYCLE SAFETY
23530,WALL ART ONLY ONE PERSON 
23532,WALL ART WORK REST AND PLAY  
85123A,WHITE HANGING HEART T-LIGHT HOLDER
23503,PLAYING CARDS KEEP CALM & CARRY ON
23371,SET 36 COLOUR PENCILS SPACEBOY 
22364,GLASS JAR DIGESTIVE BISCUITS
23117,POPPY FIELDS CHOPPING BOARD
23114,VINTAGE LEAF CHOPPING BOARD  
23376,PACK OF 12 VINTAGE CHRISTMAS TISSUE
21226,POCKET MIRROR WOODLAND
23370,SET 36 COLOURING PENCILS DOILY
23498,CLASSIC BICYCLE CLIPS 
23552,BICYCLE PUNCTURE REPAIR KIT 
85169A,IVORY LOVE BIRD CANDLE
85169D,PINK LOVE BIRD CANDLE
23579,SNACK TRAY I LOVE LONDON
23560,SET OF 6 RIBBONS COUNTRY STYLE
23576,SNACK TRAY RED VINTAGE DOILY
23580,SNACK TRAY HAPPY FOREST  
23578,SNACK TRAY RED GINGHAM
21389,IVORY HANGING DECORATION  BIRD
22124,SET OF 2 TEA TOWELS PING MICROWAVE
22475,SKULL DESIGN TV DINNER TRAY
23561,SET OF 6 RIBBONS PARTY
21507,ELEPHANT BIRTHDAY CARD 
21628,TRIANGULAR POUFFE VINTAGE 
22547,MINI JIGSAW DINOSAUR 
23562,SET OF 6 RIBBONS PERFECTLY PRETTY  
22633,HAND WARMER UNION JACK
22081,RIBBON REEL FLORA + FAUNA 
